{"0": {"precision": 0.0, "recall": 0.0, "f1-score": 0.0, "support": 2}, "1": {"precision": 0.5, "recall": 0.6666666666666666, "f1-score": 0.5714285714285715, "support": 3}, "accuracy": 0.4, "macro avg": {"precision": 0.25, "recall": 0.3333333333333333, "f1-score": 0.28571428571428575, "support": 5}, "weighted avg": {"precision": 0.3, "recall": 0.4, "f1-score": 0.34285714285714286, "support": 5}}